timestamp,t_a,time,Q_hc
2018-01-29T01:00:00Z,5.333333333,0,700
2018-01-29T01:15:00Z,4.777777778,900,700
2018-01-29T01:30:00Z,4.222222222,1800,700
2018-01-29T01:45:00Z,4.722222222,2700,700
2018-01-29T02:00:00Z,3.222222222,3600,0
2018-01-29T02:15:00Z,3.333333333,4500,0
2018-01-29T02:30:00Z,3.055555556,5400,0
2018-01-29T02:45:00Z,3,6300,0
2018-01-29T03:00:00Z,2.944444444,7200,700
2018-01-29T03:15:00Z,2.722222222,8100,700
2018-01-29T03:30:00Z,2.444444444,9000,700
2018-01-29T03:45:00Z,2.444444444,9900,700
2018-01-29T04:00:00Z,3.055555556,10800,700
2018-01-29T04:15:00Z,2.833333333,11700,700
2018-01-29T04:30:00Z,2.5,12600,700
2018-01-29T04:45:00Z,3.277777778,13500,700
2018-01-29T05:00:00Z,3.166666667,14400,0
2018-01-29T05:15:00Z,2.944444444,15300,0
2018-01-29T05:30:00Z,2.666666667,16200,0
2018-01-29T05:45:00Z,2.055555556,17100,0
2018-01-29T06:00:00Z,1.666666667,18000,700
2018-01-29T06:15:00Z,1.333333333,18900,700
2018-01-29T06:30:00Z,1.166666667,19800,700
2018-01-29T06:45:00Z,1.055555556,20700,700
2018-01-29T07:00:00Z,1,21600,700
2018-01-29T07:15:00Z,0.888888889,22500,700
2018-01-29T07:30:00Z,0.777777778,23400,700
2018-01-29T07:45:00Z,0.666666667,24300,700
2018-01-29T08:00:00Z,0.5,25200,700
2018-01-29T08:15:00Z,0.277777778,26100,700
2018-01-29T08:30:00Z,0.166666667,27000,700
2018-01-29T08:45:00Z,0.111111111,27900,700
2018-01-29T09:00:00Z,0,28800,0
2018-01-29T09:15:00Z,-0.055555556,29700,0
2018-01-29T09:30:00Z,-0.111111111,30600,0
2018-01-29T09:45:00Z,-0.277777778,31500,0
2018-01-29T10:00:00Z,-0.333333333,32400,700
2018-01-29T10:15:00Z,-0.444444444,33300,700
2018-01-29T10:30:00Z,-0.611111111,34200,700
2018-01-29T10:45:00Z,-0.722222222,35100,700
2018-01-29T11:00:00Z,-0.777777778,36000,700
2018-01-29T11:15:00Z,-0.777777778,36900,700
2018-01-29T11:30:00Z,-0.722222222,37800,700
2018-01-29T11:45:00Z,-0.722222222,38700,700
2018-01-29T12:00:00Z,-0.666666667,39600,0
2018-01-29T12:15:00Z,-0.666666667,40500,0
2018-01-29T12:30:00Z,-0.722222222,41400,0
2018-01-29T12:45:00Z,-0.777777778,42300,0
2018-01-29T13:00:00Z,-0.722222222,43200,0
2018-01-29T13:15:00Z,-0.666666667,44100,0
2018-01-29T13:30:00Z,-0.611111111,45000,0
2018-01-29T13:45:00Z,-0.555555556,45900,0
2018-01-29T14:00:00Z,-0.722222222,46800,700
2018-01-29T14:15:00Z,-0.777777778,47700,700
2018-01-29T14:30:00Z,-0.666666667,48600,700
2018-01-29T14:45:00Z,-0.611111111,49500,700
2018-01-29T15:00:00Z,-0.666666667,50400,700
2018-01-29T15:15:00Z,-0.666666667,51300,700
2018-01-29T15:30:00Z,-0.833333333,52200,700
2018-01-29T15:45:00Z,-0.833333333,53100,700
2018-01-29T16:00:00Z,-0.944444444,54000,0
2018-01-29T16:15:00Z,-1,54900,0
2018-01-29T16:30:00Z,-1,55800,0
2018-01-29T16:45:00Z,-1.111111111,56700,0
2018-01-29T17:00:00Z,-0.888888889,57600,700
2018-01-29T17:15:00Z,-0.777777778,58500,700
2018-01-29T17:30:00Z,-0.611111111,59400,700
2018-01-29T17:45:00Z,-0.388888889,60300,700
2018-01-29T18:00:00Z,-0.277777778,61200,0
2018-01-29T18:15:00Z,-0.333333333,62100,0
2018-01-29T18:30:00Z,-0.555555556,63000,0
2018-01-29T18:45:00Z,-0.611111111,63900,0
2018-01-29T19:00:00Z,-0.666666667,64800,700
2018-01-29T19:15:00Z,-0.888888889,65700,700
2018-01-29T19:30:00Z,-0.833333333,66600,700
2018-01-29T19:45:00Z,-0.888888889,67500,700
2018-01-29T20:00:00Z,-1.277777778,68400,0
2018-01-29T20:15:00Z,-1.333333333,69300,0
2018-01-29T20:30:00Z,-1.333333333,70200,0
2018-01-29T20:45:00Z,-1.277777778,71100,0
2018-01-29T21:00:00Z,-1.333333333,72000,700
2018-01-29T21:15:00Z,-1.555555556,72900,700
2018-01-29T21:30:00Z,-1.666666667,73800,700
2018-01-29T21:45:00Z,-1.666666667,74700,700
2018-01-29T22:00:00Z,-1.944444444,75600,700
2018-01-29T22:15:00Z,-2,76500,700
2018-01-29T22:30:00Z,-2,77400,700
2018-01-29T22:45:00Z,-2,78300,700
2018-01-29T23:00:00Z,-2,79200,700
2018-01-29T23:15:00Z,-2,80100,700
2018-01-29T23:30:00Z,-2,81000,700
2018-01-29T23:45:00Z,-2,81900,700
2018-01-30T00:00:00Z,-2,82800,700
2018-01-30T00:15:00Z,-2,83700,700
2018-01-30T00:30:00Z,-2,84600,700
2018-01-30T00:45:00Z,-2,85500,700
2018-01-30T01:00:00Z,-2,86400,700
2018-01-30T01:15:00Z,-2,87300,700
2018-01-30T01:30:00Z,-2,88200,700
2018-01-30T01:45:00Z,-2,89100,700
2018-01-30T02:00:00Z,-2,90000,700
2018-01-30T02:15:00Z,-2,90900,700
2018-01-30T02:30:00Z,-2,91800,700
2018-01-30T02:45:00Z,-2,92700,700
2018-01-30T03:00:00Z,-3.388888889,93600,0
2018-01-30T03:15:00Z,-3.444444444,94500,0
2018-01-30T03:30:00Z,-3.611111111,95400,0
2018-01-30T03:45:00Z,-3.777777778,96300,0
2018-01-30T04:00:00Z,-3.944444444,97200,0
2018-01-30T04:15:00Z,-3.944444444,98100,0
2018-01-30T04:30:00Z,-3.888888889,99000,0
2018-01-30T04:45:00Z,-4.055555556,99900,0
2018-01-30T05:00:00Z,-4.083333333,100800,0
2018-01-30T05:15:00Z,-4.166666667,101700,0
2018-01-30T05:30:00Z,-4.222222222,102600,0
2018-01-30T05:45:00Z,-4.277777778,103500,0
2018-01-30T06:00:00Z,-4.277777778,104400,0
2018-01-30T06:15:00Z,-4.388888889,105300,0
2018-01-30T06:30:00Z,-4.555555556,106200,0
2018-01-30T06:45:00Z,-4.666666667,107100,0
2018-01-30T07:00:00Z,-4.833333333,108000,0
2018-01-30T07:15:00Z,-5.055555556,108900,0
2018-01-30T07:30:00Z,-5.222222222,109800,0
2018-01-30T07:45:00Z,-5.333333333,110700,0
2018-01-30T08:00:00Z,-5.277777778,111600,700
2018-01-30T08:15:00Z,-5.333333333,112500,700
2018-01-30T08:30:00Z,-5.444444444,113400,700
2018-01-30T08:45:00Z,-5.444444444,114300,700
2018-01-30T09:00:00Z,-5.5,115200,0
2018-01-30T09:15:00Z,-5.611111111,116100,0
2018-01-30T09:30:00Z,-5.666666667,117000,0
2018-01-30T09:45:00Z,-5.777777778,117900,0
2018-01-30T10:00:00Z,-5.888888889,118800,0
2018-01-30T10:15:00Z,-5.944444444,119700,0
2018-01-30T10:30:00Z,-6.111111111,120600,0
2018-01-30T10:45:00Z,-6.333333333,121500,0
2018-01-30T11:00:00Z,-6.444444444,122400,0
2018-01-30T11:15:00Z,-6.444444444,123300,0
2018-01-30T11:30:00Z,-6.388888889,124200,0
2018-01-30T11:45:00Z,-6.333333333,125100,0
2018-01-30T12:00:00Z,-6.444444444,126000,0
2018-01-30T12:15:00Z,-6.444444444,126900,0
2018-01-30T12:30:00Z,-6.5,127800,0
2018-01-30T12:45:00Z,-6.611111111,128700,0
2018-01-30T13:00:00Z,-6.722222222,129600,700
2018-01-30T13:15:00Z,-6.722222222,130500,700
2018-01-30T13:30:00Z,-6.777777778,131400,700
2018-01-30T13:45:00Z,-6.666666667,132300,700
2018-01-30T14:00:00Z,-6.444444444,133200,700
2018-01-30T14:15:00Z,-6.333333333,134100,700
2018-01-30T14:30:00Z,-5.833333333,135000,700
2018-01-30T14:45:00Z,-5.333333333,135900,700
2018-01-30T15:00:00Z,-5.111111111,136800,0
2018-01-30T15:15:00Z,-4.722222222,137700,0
2018-01-30T15:30:00Z,-4.777777778,138600,0
2018-01-30T15:45:00Z,-4.722222222,139500,0
2018-01-30T16:00:00Z,-3.777777778,140400,0
2018-01-30T16:15:00Z,-3.555555556,141300,0
2018-01-30T16:30:00Z,-3.277777778,142200,0
2018-01-30T16:45:00Z,-3,143100,0
2018-01-30T17:00:00Z,-2.555555556,144000,0
2018-01-30T17:15:00Z,-2.777777778,144900,0
2018-01-30T17:30:00Z,-2.222222222,145800,0
2018-01-30T17:45:00Z,-2.333333333,146700,0
2018-01-30T18:00:00Z,-2.444444444,147600,700
2018-01-30T18:15:00Z,-1.944444444,148500,700
2018-01-30T18:30:00Z,-1.5,149400,700
2018-01-30T18:45:00Z,-1.444444444,150300,700
2018-01-30T19:00:00Z,-1.166666667,151200,0
2018-01-30T19:15:00Z,-1.166666667,152100,0
2018-01-30T19:30:00Z,-0.5,153000,0
2018-01-30T19:45:00Z,-0.444444444,153900,0
2018-01-30T20:00:00Z,-0.5,154800,700
2018-01-30T20:15:00Z,-0.444444444,155700,700
2018-01-30T20:30:00Z,-0.444444444,156600,700
2018-01-30T20:45:00Z,-0.333333333,157500,700
2018-01-30T21:00:00Z,-0.277777778,158400,0
2018-01-30T21:15:00Z,-0.222222222,159300,0
2018-01-30T21:30:00Z,-0.5,160200,0
2018-01-30T21:45:00Z,-0.444444444,161100,0
2018-01-30T22:00:00Z,-0.444444444,162000,0
2018-01-30T22:15:00Z,-0.388888889,162900,0
2018-01-30T22:30:00Z,-0.333333333,163800,0
2018-01-30T22:45:00Z,-0.555555556,164700,0
2018-01-30T23:00:00Z,-0.722222222,165600,700
2018-01-30T23:15:00Z,-0.722222222,166500,700
2018-01-30T23:30:00Z,-0.722222222,167400,700
2018-01-30T23:45:00Z,-0.833333333,168300,700
2018-01-31T00:00:00Z,-1.055555556,169200,700
2018-01-31T00:15:00Z,-1.166666667,170100,700
2018-01-31T00:30:00Z,-1.277777778,171000,700
2018-01-31T00:45:00Z,-1.333333333,171900,700
2018-01-31T01:00:00Z,-1.444444444,172800,700
2018-01-31T01:15:00Z,-1.555555556,173700,700
2018-01-31T01:30:00Z,-1.611111111,174600,700
2018-01-31T01:45:00Z,-1.777777778,175500,700
2018-01-31T02:00:00Z,-1.777777778,176400,700
2018-01-31T02:15:00Z,-1.777777778,177300,700
2018-01-31T02:30:00Z,-1.666666667,178200,700
2018-01-31T02:45:00Z,-1.555555556,179100,700
2018-01-31T03:00:00Z,-1.5,180000,700
2018-01-31T03:15:00Z,-1.611111111,180900,0
2018-01-31T03:30:00Z,-1.611111111,181800,0
2018-01-31T03:45:00Z,-1.555555556,182700,0
2018-01-31T04:00:00Z,-1.5,183600,700
2018-01-31T04:15:00Z,-1.555555556,184500,700
2018-01-31T04:30:00Z,-1.5,185400,700
2018-01-31T04:45:00Z,-1.444444444,186300,700
2018-01-31T05:00:00Z,-1.361111111,187200,0
2018-01-31T05:15:00Z,-1.333333333,188100,0
2018-01-31T05:30:00Z,-1.333333333,189000,0
2018-01-31T05:45:00Z,-1.444444444,189900,0
2018-01-31T06:00:00Z,-1.444444444,190800,0
2018-01-31T06:15:00Z,-1.444444444,191700,0
2018-01-31T06:30:00Z,-1.388888889,192600,0
2018-01-31T06:45:00Z,-1.444444444,193500,0
2018-01-31T07:00:00Z,-1.388888889,194400,0
2018-01-31T07:15:00Z,-1.333333333,195300,0
2018-01-31T07:30:00Z,-1.333333333,196200,0
2018-01-31T07:45:00Z,-1.277777778,197100,0
2018-01-31T08:00:00Z,-1.277777778,198000,700
2018-01-31T08:15:00Z,-1.277777778,198900,700
2018-01-31T08:30:00Z,-1.333333333,199800,700
2018-01-31T08:45:00Z,-1.388888889,200700,700
2018-01-31T09:00:00Z,-1.388888889,201600,700
2018-01-31T09:15:00Z,-1.333333333,202500,700
2018-01-31T09:30:00Z,-1.444444444,203400,700
2018-01-31T09:45:00Z,-1.444444444,204300,700
2018-01-31T10:00:00Z,-1.388888889,205200,700
2018-01-31T10:15:00Z,-1.333333333,206100,700
2018-01-31T10:30:00Z,-1.333333333,207000,700
2018-01-31T10:45:00Z,-1.222222222,207900,700
2018-01-31T11:00:00Z,-0.666666667,208800,0
2018-01-31T11:15:00Z,-0.277777778,209700,0
2018-01-31T11:30:00Z,0.055555556,210600,0
2018-01-31T11:45:00Z,0.277777778,211500,0
2018-01-31T12:00:00Z,0.388888889,212400,0
2018-01-31T12:15:00Z,0.444444444,213300,0
2018-01-31T12:30:00Z,0.5,214200,0
2018-01-31T12:45:00Z,0.5,215100,0
2018-01-31T13:00:00Z,0.5,216000,700
2018-01-31T13:15:00Z,0.5,216900,700
2018-01-31T13:30:00Z,0.555555556,217800,700
2018-01-31T13:45:00Z,0.666666667,218700,700
2018-01-31T14:00:00Z,0.833333333,219600,0
2018-01-31T14:15:00Z,1.111111111,220500,0
2018-01-31T14:30:00Z,1.277777778,221400,0
2018-01-31T14:45:00Z,1.777777778,222300,0
2018-01-31T15:00:00Z,2.055555556,223200,0
2018-01-31T15:15:00Z,2.5,224100,0
2018-01-31T15:30:00Z,3.222222222,225000,0
2018-01-31T15:45:00Z,3.944444444,225900,0
2018-01-31T16:00:00Z,4.333333333,226800,700
2018-01-31T16:15:00Z,5.111111111,227700,700
2018-01-31T16:30:00Z,5.666666667,228600,700
2018-01-31T16:45:00Z,6.611111111,229500,700
2018-01-31T17:00:00Z,7.222222222,230400,0
2018-01-31T17:15:00Z,7.5,231300,0
2018-01-31T17:30:00Z,8.055555556,232200,0
2018-01-31T17:45:00Z,8.333333333,233100,0
2018-01-31T18:00:00Z,8.222222222,234000,700
2018-01-31T18:15:00Z,8.333333333,234900,700
2018-01-31T18:30:00Z,8.166666667,235800,700
2018-01-31T18:45:00Z,8.222222222,236700,700
2018-01-31T19:00:00Z,8.5,237600,700
2018-01-31T19:15:00Z,8.666666667,238500,700
2018-01-31T19:30:00Z,8.444444444,239400,700
2018-01-31T19:45:00Z,8.166666667,240300,700
2018-01-31T20:00:00Z,8.277777778,241200,0
2018-01-31T20:15:00Z,8.111111111,242100,0
2018-01-31T20:30:00Z,8.666666667,243000,0
2018-01-31T20:45:00Z,8.666666667,243900,0
2018-01-31T21:00:00Z,9.111111111,244800,700
2018-01-31T21:15:00Z,9.111111111,245700,700
2018-01-31T21:30:00Z,9.333333333,246600,700
2018-01-31T21:45:00Z,9.333333333,247500,700
2018-01-31T22:00:00Z,9.277777778,248400,700
2018-01-31T22:15:00Z,9.111111111,249300,700
2018-01-31T22:30:00Z,8.833333333,250200,700
2018-01-31T22:45:00Z,8.555555556,251100,700
2018-01-31T23:00:00Z,8.333333333,252000,700
2018-01-31T23:15:00Z,8.166666667,252900,700
2018-01-31T23:30:00Z,8,253800,700
2018-01-31T23:45:00Z,7.722222222,254700,700
2018-02-01T00:00:00Z,7.5,255600,0
2018-02-01T00:15:00Z,7.277777778,256500,0
2018-02-01T00:30:00Z,7.055555556,257400,0
2018-02-01T00:45:00Z,6.666666667,258300,0
2018-02-01T01:00:00Z,6.555555556,259200,700
2018-02-01T01:15:00Z,6.444444444,260100,700
2018-02-01T01:30:00Z,6.277777778,261000,700
2018-02-01T01:45:00Z,6.166666667,261900,700
2018-02-01T02:00:00Z,6.277777778,262800,700
2018-02-01T02:15:00Z,6.555555556,263700,700
2018-02-01T02:30:00Z,6.555555556,264600,700
2018-02-01T02:45:00Z,6.555555556,265500,700
2018-02-01T03:00:00Z,6.611111111,266400,0
2018-02-01T03:15:00Z,6.777777778,267300,0
2018-02-01T03:30:00Z,6.833333333,268200,0
2018-02-01T03:45:00Z,6.833333333,269100,0
2018-02-01T04:00:00Z,6.777777778,270000,0
2018-02-01T04:15:00Z,6.777777778,270900,0
2018-02-01T04:30:00Z,6.611111111,271800,0
2018-02-01T04:45:00Z,6.611111111,272700,0
2018-02-01T05:00:00Z,6.555555556,273600,700
2018-02-01T05:15:00Z,6.444444444,274500,700
2018-02-01T05:30:00Z,6.277777778,275400,700
2018-02-01T05:45:00Z,6.166666667,276300,700
2018-02-01T06:00:00Z,6.111111111,277200,700
2018-02-01T06:15:00Z,6.166666667,278100,700
2018-02-01T06:30:00Z,6.111111111,279000,700
2018-02-01T06:45:00Z,6.055555556,279900,700
2018-02-01T07:00:00Z,6,280800,0
2018-02-01T07:15:00Z,5.944444444,281700,0
2018-02-01T07:30:00Z,5.833333333,282600,0
2018-02-01T07:45:00Z,5.722222222,283500,0
2018-02-01T08:00:00Z,5.666666667,284400,700
2018-02-01T08:15:00Z,5.555555556,285300,700
2018-02-01T08:30:00Z,5.388888889,286200,700
2018-02-01T08:45:00Z,5.222222222,287100,700
2018-02-01T09:00:00Z,5.166666667,288000,0
2018-02-01T09:15:00Z,5,288900,0
2018-02-01T09:30:00Z,4.888888889,289800,0
2018-02-01T09:45:00Z,4.833333333,290700,0
2018-02-01T10:00:00Z,4.666666667,291600,700
2018-02-01T10:15:00Z,4.5,292500,700
2018-02-01T10:30:00Z,4.444444444,293400,700
2018-02-01T10:45:00Z,4.277777778,294300,700
2018-02-01T11:00:00Z,4.111111111,295200,0
2018-02-01T11:15:00Z,3.944444444,296100,0
2018-02-01T11:30:00Z,3.833333333,297000,0
2018-02-01T11:45:00Z,3.611111111,297900,0
2018-02-01T12:00:00Z,3.555555556,298800,700
2018-02-01T12:15:00Z,3.388888889,299700,700
2018-02-01T12:30:00Z,3.277777778,300600,700
2018-02-01T12:45:00Z,3.222222222,301500,700
2018-02-01T13:00:00Z,3.055555556,302400,700
2018-02-01T13:15:00Z,2.944444444,303300,700
2018-02-01T13:30:00Z,2.944444444,304200,700
2018-02-01T13:45:00Z,2.944444444,305100,700
2018-02-01T14:00:00Z,3.055555556,306000,700
2018-02-01T14:15:00Z,2.944444444,306900,700
2018-02-01T14:30:00Z,3,307800,700
2018-02-01T14:45:00Z,3.111111111,308700,700
2018-02-01T15:00:00Z,3.111111111,309600,700
2018-02-01T15:15:00Z,3.111111111,310500,700
2018-02-01T15:30:00Z,3.111111111,311400,700
2018-02-01T15:45:00Z,3.388888889,312300,700
2018-02-01T16:00:00Z,3.388888889,313200,700
2018-02-01T16:15:00Z,3.277777778,314100,700
2018-02-01T16:30:00Z,2.722222222,315000,700
2018-02-01T16:45:00Z,2.5,315900,700
2018-02-01T17:00:00Z,2.277777778,316800,700
2018-02-01T17:15:00Z,2.222222222,317700,700
2018-02-01T17:30:00Z,1.777777778,318600,700
2018-02-01T17:45:00Z,1.611111111,319500,700
2018-02-01T18:00:00Z,1.5,320400,0
2018-02-01T18:15:00Z,0.944444444,321300,0
2018-02-01T18:30:00Z,0.277777778,322200,0
2018-02-01T18:45:00Z,-0.222222222,323100,0
2018-02-01T19:00:00Z,-0.5,324000,0
2018-02-01T19:15:00Z,-0.666666667,324900,0
2018-02-01T19:30:00Z,-0.777777778,325800,0
2018-02-01T19:45:00Z,-1.277777778,326700,0
2018-02-01T20:00:00Z,-1.333333333,327600,0
2018-02-01T20:15:00Z,-1.333333333,328500,0
2018-02-01T20:30:00Z,-1.888888889,329400,0
2018-02-01T20:45:00Z,-2.055555556,330300,0
2018-02-01T21:00:00Z,-2.333333333,331200,0
2018-02-01T21:15:00Z,-2.666666667,332100,0
2018-02-01T21:30:00Z,-2.944444444,333000,0
2018-02-01T21:45:00Z,-3.111111111,333900,0
2018-02-01T22:00:00Z,-3.222222222,334800,0
2018-02-01T22:15:00Z,-3.555555556,335700,0
2018-02-01T22:30:00Z,-3.833333333,336600,0
2018-02-01T22:45:00Z,-3.944444444,337500,0
2018-02-01T23:00:00Z,-4.166666667,338400,700
2018-02-01T23:15:00Z,-4.277777778,339300,700
2018-02-01T23:30:00Z,-4.555555556,340200,700
2018-02-01T23:45:00Z,-4.777777778,341100,700
2018-02-02T00:00:00Z,-4.944444444,342000,0
2018-02-02T00:15:00Z,-5.166666667,342900,0
2018-02-02T00:30:00Z,-5.444444444,343800,0
2018-02-02T00:45:00Z,-5.666666667,344700,0
2018-02-02T01:00:00Z,-5.888888889,345600,0
2018-02-02T01:15:00Z,-6,346500,0
2018-02-02T01:30:00Z,-6.277777778,347400,0
2018-02-02T01:45:00Z,-6.555555556,348300,0
2018-02-02T02:00:00Z,-6.777777778,349200,0
2018-02-02T02:15:00Z,-6.944444444,350100,0
2018-02-02T02:30:00Z,-7.166666667,351000,0
2018-02-02T02:45:00Z,-7.555555556,351900,0
2018-02-02T03:00:00Z,-7.833333333,352800,0
2018-02-02T03:15:00Z,-8,353700,0
2018-02-02T03:30:00Z,-8.222222222,354600,0
2018-02-02T03:45:00Z,-8.5,355500,0
2018-02-02T04:00:00Z,-8.777777778,356400,700
2018-02-02T04:15:00Z,-9.166666667,357300,700
2018-02-02T04:30:00Z,-9.388888889,358200,700
2018-02-02T04:45:00Z,-9.611111111,359100,700
2018-02-02T05:00:00Z,-9.805555556,360000,700
2018-02-02T05:15:00Z,-9.944444444,360900,700
2018-02-02T05:30:00Z,-10,361800,700
2018-02-02T05:45:00Z,-10.16666667,362700,700
2018-02-02T06:00:00Z,-10.33333333,363600,0
2018-02-02T06:15:00Z,-10.44444444,364500,0
2018-02-02T06:30:00Z,-10.55555556,365400,0
2018-02-02T06:45:00Z,-10.61111111,366300,0
2018-02-02T07:00:00Z,-10.66666667,367200,0
2018-02-02T07:15:00Z,-10.83333333,368100,0
2018-02-02T07:30:00Z,-10.88888889,369000,0
2018-02-02T07:45:00Z,-10.94444444,369900,0
2018-02-02T08:00:00Z,-11.05555556,370800,0
2018-02-02T08:15:00Z,-11.11111111,371700,0
2018-02-02T08:30:00Z,-11.22222222,372600,0
2018-02-02T08:45:00Z,-11.27777778,373500,0
2018-02-02T09:00:00Z,-11.38888889,374400,700
2018-02-02T09:15:00Z,-11.38888889,375300,700
2018-02-02T09:30:00Z,-11.55555556,376200,700
2018-02-02T09:45:00Z,-11.61111111,377100,700
2018-02-02T10:00:00Z,-11.66666667,378000,0
2018-02-02T10:15:00Z,-11.72222222,378900,0
2018-02-02T10:30:00Z,-11.83333333,379800,0
2018-02-02T10:45:00Z,-11.94444444,380700,0
2018-02-02T11:00:00Z,-11.88888889,381600,700
2018-02-02T11:15:00Z,-12.11111111,382500,700
2018-02-02T11:30:00Z,-12.16666667,383400,700
2018-02-02T11:45:00Z,-12.22222222,384300,700
2018-02-02T12:00:00Z,-12.27777778,385200,0
2018-02-02T12:15:00Z,-12.33333333,386100,0
2018-02-02T12:30:00Z,-12.44444444,387000,0
2018-02-02T12:45:00Z,-12.5,387900,0
2018-02-02T13:00:00Z,-12.55555556,388800,0
2018-02-02T13:15:00Z,-12.55555556,389700,0
2018-02-02T13:30:00Z,-12.44444444,390600,0
2018-02-02T13:45:00Z,-12.27777778,391500,0
2018-02-02T14:00:00Z,-12.16666667,392400,700
2018-02-02T14:15:00Z,-11.88888889,393300,700
2018-02-02T14:30:00Z,-11.77777778,394200,700
2018-02-02T14:45:00Z,-11.66666667,395100,700
2018-02-02T15:00:00Z,-11,396000,700
2018-02-02T15:15:00Z,-11.11111111,396900,700
2018-02-02T15:30:00Z,-10.94444444,397800,700
2018-02-02T15:45:00Z,-10.27777778,398700,700
2018-02-02T16:00:00Z,-10.16666667,399600,700
2018-02-02T16:15:00Z,-9.944444444,400500,700
2018-02-02T16:30:00Z,-9.5,401400,700
2018-02-02T16:45:00Z,-9.111111111,402300,700
2018-02-02T17:00:00Z,-9.277777778,403200,700
2018-02-02T17:15:00Z,-8.833333333,404100,700
2018-02-02T17:30:00Z,-8.444444444,405000,700
2018-02-02T17:45:00Z,-8.277777778,405900,700
2018-02-02T18:00:00Z,-8.222222222,406800,0
2018-02-02T18:15:00Z,-7.611111111,407700,0
2018-02-02T18:30:00Z,-7.555555556,408600,0
2018-02-02T18:45:00Z,-7.277777778,409500,0
2018-02-02T19:00:00Z,-7,410400,700
2018-02-02T19:15:00Z,-6.722222222,411300,700
2018-02-02T19:30:00Z,-6.666666667,412200,700
2018-02-02T19:45:00Z,-6.611111111,413100,700
2018-02-02T20:00:00Z,-6.166666667,414000,0
2018-02-02T20:15:00Z,-6.166666667,414900,0
2018-02-02T20:30:00Z,-6.111111111,415800,0
2018-02-02T20:45:00Z,-6,416700,0
2018-02-02T21:00:00Z,-5.833333333,417600,0
2018-02-02T21:15:00Z,-5.888888889,418500,0
2018-02-02T21:30:00Z,-5.611111111,419400,0
2018-02-02T21:45:00Z,-5.944444444,420300,0
2018-02-02T22:00:00Z,-5.888888889,421200,0
2018-02-02T22:15:00Z,-6,422100,0
2018-02-02T22:30:00Z,-6.166666667,423000,0
2018-02-02T22:45:00Z,-6.166666667,423900,0
2018-02-02T23:00:00Z,-6.333333333,424800,700
2018-02-02T23:15:00Z,-6.666666667,425700,700
2018-02-02T23:30:00Z,-6.722222222,426600,700
2018-02-02T23:45:00Z,-6.888888889,427500,700
2018-02-03T00:00:00Z,-6.944444444,428400,700
2018-02-03T00:15:00Z,-7,429300,700
2018-02-03T00:30:00Z,-7.055555556,430200,700
2018-02-03T00:45:00Z,-7.111111111,431100,700
2018-02-03T01:00:00Z,-7.277777778,432000,700
2018-02-03T01:15:00Z,-7.277777778,432900,700
2018-02-03T01:30:00Z,-7.333333333,433800,700
2018-02-03T01:45:00Z,-7.444444444,434700,700
2018-02-03T02:00:00Z,-7.555555556,435600,0
2018-02-03T02:15:00Z,-7.555555556,436500,0
2018-02-03T02:30:00Z,-7.5,437400,0
2018-02-03T02:45:00Z,-7.5,438300,0
2018-02-03T03:00:00Z,-7.5,439200,0
2018-02-03T03:15:00Z,-7.444444444,440100,0
2018-02-03T03:30:00Z,-7.333333333,441000,0
2018-02-03T03:45:00Z,-7.166666667,441900,0
2018-02-03T04:00:00Z,-7.166666667,442800,700
2018-02-03T04:15:00Z,-7,443700,700
2018-02-03T04:30:00Z,-7,444600,700
2018-02-03T04:45:00Z,-7.055555556,445500,700
2018-02-03T05:00:00Z,-6.944444444,446400,0
2018-02-03T05:15:00Z,-6.888888889,447300,0
2018-02-03T05:30:00Z,-6.777777778,448200,0
2018-02-03T05:45:00Z,-6.777777778,449100,0
2018-02-03T06:00:00Z,-6.833333333,450000,700
2018-02-03T06:15:00Z,-6.833333333,450900,700
2018-02-03T06:30:00Z,-6.722222222,451800,700
2018-02-03T06:45:00Z,-6.666666667,452700,700
2018-02-03T07:00:00Z,-6.611111111,453600,700
2018-02-03T07:15:00Z,-6.611111111,454500,700
2018-02-03T07:30:00Z,-6.5,455400,700
2018-02-03T07:45:00Z,-6.388888889,456300,700
2018-02-03T08:00:00Z,-6.388888889,457200,700
2018-02-03T08:15:00Z,-6.333333333,458100,700
2018-02-03T08:30:00Z,-6.277777778,459000,700
2018-02-03T08:45:00Z,-6.166666667,459900,700
2018-02-03T09:00:00Z,-6.166666667,460800,700
2018-02-03T09:15:00Z,-6.166666667,461700,700
2018-02-03T09:30:00Z,-6.055555556,462600,700
2018-02-03T09:45:00Z,-6,463500,700
2018-02-03T10:00:00Z,-5.944444444,464400,700
2018-02-03T10:15:00Z,-5.888888889,465300,700
2018-02-03T10:30:00Z,-5.944444444,466200,700
2018-02-03T10:45:00Z,-5.888888889,467100,700
2018-02-03T11:00:00Z,-5.833333333,468000,700
2018-02-03T11:15:00Z,-5.777777778,468900,700
2018-02-03T11:30:00Z,-5.833333333,469800,700
2018-02-03T11:45:00Z,-5.777777778,470700,700
2018-02-03T12:00:00Z,-5.722222222,471600,700
2018-02-03T12:15:00Z,-5.777777778,472500,700
2018-02-03T12:30:00Z,-5.611111111,473400,700
2018-02-03T12:45:00Z,-5.555555556,474300,700
2018-02-03T13:00:00Z,-5.555555556,475200,700
2018-02-03T13:15:00Z,-5.444444444,476100,700
2018-02-03T13:30:00Z,-5.333333333,477000,700
2018-02-03T13:45:00Z,-5.277777778,477900,700
2018-02-03T14:00:00Z,-5.055555556,478800,700
2018-02-03T14:15:00Z,-4.888888889,479700,700
2018-02-03T14:30:00Z,-4.611111111,480600,700
2018-02-03T14:45:00Z,-4.333333333,481500,700
2018-02-03T15:00:00Z,-4.111111111,482400,700
2018-02-03T15:15:00Z,-3.777777778,483300,700
2018-02-03T15:30:00Z,-3.333333333,484200,700
2018-02-03T15:45:00Z,-3.055555556,485100,700
2018-02-03T16:00:00Z,-3,486000,700
2018-02-03T16:15:00Z,-2.555555556,486900,700
2018-02-03T16:30:00Z,-2.277777778,487800,700
2018-02-03T16:45:00Z,-1.833333333,488700,700
2018-02-03T17:00:00Z,-1.333333333,489600,700
2018-02-03T17:15:00Z,-0.944444444,490500,700
2018-02-03T17:30:00Z,-0.5,491400,700
2018-02-03T17:45:00Z,-0.055555556,492300,700
2018-02-03T18:00:00Z,0.055555556,493200,700
2018-02-03T18:15:00Z,0.444444444,494100,700
2018-02-03T18:30:00Z,0.666666667,495000,700
2018-02-03T18:45:00Z,1.055555556,495900,700
2018-02-03T19:00:00Z,1.111111111,496800,700
2018-02-03T19:15:00Z,1.222222222,497700,700
2018-02-03T19:30:00Z,1.166666667,498600,700
2018-02-03T19:45:00Z,1.111111111,499500,700
2018-02-03T20:00:00Z,1.333333333,500400,700
2018-02-03T20:15:00Z,1.444444444,501300,700
2018-02-03T20:30:00Z,1.777777778,502200,700
2018-02-03T20:45:00Z,1.833333333,503100,700
2018-02-03T21:00:00Z,2,504000,700
2018-02-03T21:15:00Z,2.055555556,504900,700
2018-02-03T21:30:00Z,2.222222222,505800,700
2018-02-03T21:45:00Z,2.222222222,506700,700
2018-02-03T22:00:00Z,2.277777778,507600,700
2018-02-03T22:15:00Z,2.222222222,508500,700
2018-02-03T22:30:00Z,2.222222222,509400,700
2018-02-03T22:45:00Z,2.166666667,510300,700
2018-02-03T23:00:00Z,2.055555556,511200,700
2018-02-03T23:15:00Z,2.055555556,512100,700
2018-02-03T23:30:00Z,1.944444444,513000,700
2018-02-03T23:45:00Z,1.722222222,513900,700
2018-02-04T00:00:00Z,1.444444444,514800,700
2018-02-04T00:15:00Z,1.277777778,515700,700
2018-02-04T00:30:00Z,1.111111111,516600,700
2018-02-04T00:45:00Z,1.055555556,517500,700
2018-02-04T01:00:00Z,0.944444444,518400,700
2018-02-04T01:15:00Z,0.833333333,519300,700
2018-02-04T01:30:00Z,0.777777778,520200,700
2018-02-04T01:45:00Z,0.833333333,521100,700
2018-02-04T02:00:00Z,0.888888889,522000,700
2018-02-04T02:15:00Z,0.944444444,522900,700
2018-02-04T02:30:00Z,1.111111111,523800,700
2018-02-04T02:45:00Z,1.444444444,524700,700
2018-02-04T03:00:00Z,1.5,525600,0
2018-02-04T03:15:00Z,1.555555556,526500,0
2018-02-04T03:30:00Z,1.611111111,527400,0
2018-02-04T03:45:00Z,1.833333333,528300,0
2018-02-04T04:00:00Z,2.111111111,529200,0
2018-02-04T04:15:00Z,2.611111111,530100,0
2018-02-04T04:30:00Z,2.611111111,531000,0
2018-02-04T04:45:00Z,2.666666667,531900,0
2018-02-04T05:00:00Z,2.722222222,532800,0
2018-02-04T05:15:00Z,2.666666667,533700,0
2018-02-04T05:30:00Z,2.833333333,534600,0
2018-02-04T05:45:00Z,3,535500,0
2018-02-04T06:00:00Z,3.055555556,536400,0
2018-02-04T06:15:00Z,2.944444444,537300,0
2018-02-04T06:30:00Z,3,538200,0
2018-02-04T06:45:00Z,3,539100,0
2018-02-04T07:00:00Z,3,540000,0
2018-02-04T07:15:00Z,3.166666667,540900,0
2018-02-04T07:30:00Z,3.611111111,541800,0
2018-02-04T07:45:00Z,3.611111111,542700,0
2018-02-04T08:00:00Z,3.5,543600,0
2018-02-04T08:15:00Z,3.555555556,544500,0
2018-02-04T08:30:00Z,3.611111111,545400,0
2018-02-04T08:45:00Z,3.611111111,546300,0
2018-02-04T09:00:00Z,3.666666667,547200,0
2018-02-04T09:15:00Z,3.666666667,548100,0
2018-02-04T09:30:00Z,3.333333333,549000,0
2018-02-04T09:45:00Z,2.666666667,549900,0
2018-02-04T10:00:00Z,2.5,550800,0
2018-02-04T10:15:00Z,2.388888889,551700,0
2018-02-04T10:30:00Z,2.277777778,552600,0
2018-02-04T10:45:00Z,2.166666667,553500,0
2018-02-04T11:00:00Z,2.111111111,554400,0
2018-02-04T11:15:00Z,1.944444444,555300,0
2018-02-04T11:30:00Z,1.833333333,556200,0
2018-02-04T11:45:00Z,1.444444444,557100,0
2018-02-04T12:00:00Z,1.222222222,558000,0
2018-02-04T12:15:00Z,1.111111111,558900,0
2018-02-04T12:30:00Z,0.888888889,559800,0
2018-02-04T12:45:00Z,0.888888889,560700,0
2018-02-04T13:00:00Z,1,561600,0
2018-02-04T13:15:00Z,1.055555556,562500,0
2018-02-04T13:30:00Z,1.055555556,563400,700
2018-02-04T13:45:00Z,1.166666667,564300,700
2018-02-04T14:00:00Z,1.333333333,565200,700
2018-02-04T14:15:00Z,1.444444444,566100,700
2018-02-04T14:30:00Z,1.722222222,567000,700
2018-02-04T14:45:00Z,1.833333333,567900,700
2018-02-04T15:00:00Z,1.888888889,568800,700
2018-02-04T15:15:00Z,1.888888889,569700,700
2018-02-04T15:30:00Z,1.944444444,570600,700
2018-02-04T15:45:00Z,2.055555556,571500,700
2018-02-04T16:00:00Z,2.111111111,572400,700
2018-02-04T16:15:00Z,2.388888889,573300,700
2018-02-04T16:30:00Z,2.666666667,574200,700
2018-02-04T16:45:00Z,2.944444444,575100,700
2018-02-04T17:00:00Z,3.055555556,576000,700
2018-02-04T17:15:00Z,3.222222222,576900,700
2018-02-04T17:30:00Z,3.5,577800,700
2018-02-04T17:45:00Z,4.111111111,578700,700
2018-02-04T18:00:00Z,4.055555556,579600,700
2018-02-04T18:15:00Z,3.555555556,580500,700
2018-02-04T18:30:00Z,3.444444444,581400,700
2018-02-04T18:45:00Z,3.277777778,582300,700
2018-02-04T19:00:00Z,3.055555556,583200,700
2018-02-04T19:15:00Z,2.722222222,584100,700
2018-02-04T19:30:00Z,2.5,585000,700
2018-02-04T19:45:00Z,1.944444444,585900,700
2018-02-04T20:00:00Z,1.722222222,586800,700
2018-02-04T20:15:00Z,0.333333333,587700,700
2018-02-04T20:30:00Z,-0.666666667,588600,700
2018-02-04T20:45:00Z,-1.5,589500,700
2018-02-04T21:00:00Z,-2.166666667,590400,700
2018-02-04T21:15:00Z,-2.277777778,591300,700
2018-02-04T21:30:00Z,-2.555555556,592200,700
2018-02-04T21:45:00Z,-2.777777778,593100,700
2018-02-04T22:00:00Z,-3,594000,700
2018-02-04T22:15:00Z,-3,594900,700
2018-02-04T22:30:00Z,-3.166666667,595800,700
2018-02-04T22:45:00Z,-3.5,596700,700
2018-02-04T23:00:00Z,-3.833333333,597600,700
2018-02-04T23:15:00Z,-4.333333333,598500,700
2018-02-04T23:30:00Z,-4.666666667,599400,700
2018-02-04T23:45:00Z,-4.777777778,600300,700
2018-02-05T00:00:00Z,-4.888888889,601200,700
2018-02-05T00:15:00Z,-5.333333333,602100,700
2018-02-05T00:30:00Z,-6.055555556,603000,700
2018-02-05T00:45:00Z,-6.222222222,603900,700
2018-02-05T01:00:00Z,-6.666666667,604800,700
2018-02-05T01:15:00Z,-6.888888889,605700,700
2018-02-05T01:30:00Z,-7.111111111,606600,700
2018-02-05T01:45:00Z,-7.444444444,607500,700
2018-02-05T02:00:00Z,-7.611111111,608400,700
2018-02-05T02:15:00Z,-7.833333333,609300,700
2018-02-05T02:30:00Z,-8.166666667,610200,700
2018-02-05T02:45:00Z,-8.277777778,611100,700
2018-02-05T03:00:00Z,-8.388888889,612000,700
2018-02-05T03:15:00Z,-8.54040404,612900,700
2018-02-05T03:30:00Z,-8.661616162,613800,700
2018-02-05T03:45:00Z,-8.782828283,614700,700
2018-02-05T04:00:00Z,-8.904040404,615600,700
2018-02-05T04:15:00Z,-9.111111111,616500,700
2018-02-05T04:30:00Z,-9.166666667,617400,700
2018-02-05T04:45:00Z,-9.5,618300,700
2018-02-05T05:00:00Z,-9.833333333,619200,700
2018-02-05T05:15:00Z,-10.05555556,620100,700
2018-02-05T05:30:00Z,-10.27777778,621000,700
2018-02-05T05:45:00Z,-10.27777778,621900,700
2018-02-05T06:00:00Z,-10.27777778,622800,700
2018-02-05T06:15:00Z,-10.38888889,623700,700
2018-02-05T06:30:00Z,-10.44444444,624600,700
2018-02-05T06:45:00Z,-10.55555556,625500,700
2018-02-05T07:00:00Z,-10.77777778,626400,700
2018-02-05T07:15:00Z,-11,627300,700
2018-02-05T07:30:00Z,-11.22222222,628200,700
2018-02-05T07:45:00Z,-11.55555556,629100,700
2018-02-05T08:00:00Z,-11.72222222,630000,700
2018-02-05T08:15:00Z,-11.88888889,630900,700
2018-02-05T08:30:00Z,-12.05555556,631800,700
2018-02-05T08:45:00Z,-12.11111111,632700,700
2018-02-05T09:00:00Z,-12.27777778,633600,700
2018-02-05T09:15:00Z,-12.44444444,634500,700
2018-02-05T09:30:00Z,-12.61111111,635400,700
2018-02-05T09:45:00Z,-12.72222222,636300,700
2018-02-05T10:00:00Z,-12.88888889,637200,700
2018-02-05T10:15:00Z,-13.11111111,638100,700
2018-02-05T10:30:00Z,-13.33333333,639000,700
2018-02-05T10:45:00Z,-13.44444444,639900,700
2018-02-05T11:00:00Z,-13.55555556,640800,700
2018-02-05T11:15:00Z,-13.77777778,641700,700
2018-02-05T11:30:00Z,-14.05555556,642600,700
2018-02-05T11:45:00Z,-14.16666667,643500,700
2018-02-05T12:00:00Z,-14.27777778,644400,700
2018-02-05T12:15:00Z,-14.38888889,645300,700
2018-02-05T12:30:00Z,-14.5,646200,700
2018-02-05T12:45:00Z,-14.66666667,647100,700
2018-02-05T13:00:00Z,-14.77777778,648000,700
2018-02-05T13:15:00Z,-14.77777778,648900,700
2018-02-05T13:30:00Z,-14.66666667,649800,700
2018-02-05T13:45:00Z,-14.5,650700,700
2018-02-05T14:00:00Z,-14.05555556,651600,700
2018-02-05T14:15:00Z,-13.77777778,652500,700
2018-02-05T14:30:00Z,-13.33333333,653400,700
2018-02-05T14:45:00Z,-12.94444444,654300,700
2018-02-05T15:00:00Z,-12.27777778,655200,700
2018-02-05T15:15:00Z,-12.05555556,656100,700
2018-02-05T15:30:00Z,-11.33333333,657000,700
2018-02-05T15:45:00Z,-10.5,657900,700
2018-02-05T16:00:00Z,-10.22222222,658800,700
2018-02-05T16:15:00Z,-9.611111111,659700,700
2018-02-05T16:30:00Z,-9.388888889,660600,700
2018-02-05T16:45:00Z,-9,661500,700
2018-02-05T17:00:00Z,-8.666666667,662400,700
2018-02-05T17:15:00Z,-8.166666667,663300,700
2018-02-05T17:30:00Z,-7.944444444,664200,700
2018-02-05T17:45:00Z,-7.722222222,665100,700
2018-02-05T18:00:00Z,-7.277777778,666000,700
2018-02-05T18:15:00Z,-7.055555556,666900,700
2018-02-05T18:30:00Z,-6.888888889,667800,700
2018-02-05T18:45:00Z,-6.722222222,668700,700
2018-02-05T19:00:00Z,-6.333333333,669600,700
2018-02-05T19:15:00Z,-6.111111111,670500,700
2018-02-05T19:30:00Z,-6.111111111,671400,700
2018-02-05T19:45:00Z,-6,672300,700
2018-02-05T20:00:00Z,-5.944444444,673200,700
2018-02-05T20:15:00Z,-5.833333333,674100,700
2018-02-05T20:30:00Z,-5.555555556,675000,700
2018-02-05T20:45:00Z,-5.388888889,675900,700
2018-02-05T21:00:00Z,-5.444444444,676800,0
2018-02-05T21:15:00Z,-5.111111111,677700,0
2018-02-05T21:30:00Z,-5,678600,0
2018-02-05T21:45:00Z,-4.944444444,679500,0
2018-02-05T22:00:00Z,-4.722222222,680400,0
2018-02-05T22:15:00Z,-4.833333333,681300,0
2018-02-05T22:30:00Z,-4.777777778,682200,0
2018-02-05T22:45:00Z,-4.722222222,683100,0
2018-02-05T23:00:00Z,-4.777777778,684000,0
2018-02-05T23:15:00Z,-4.722222222,684900,0
2018-02-05T23:30:00Z,-4.666666667,685800,0
2018-02-05T23:45:00Z,-4.555555556,686700,0
2018-02-06T00:00:00Z,-4.555555556,687600,0
2018-02-06T00:15:00Z,-4.611111111,688500,0
2018-02-06T00:30:00Z,-4.666666667,689400,0
2018-02-06T00:45:00Z,-4.666666667,690300,0
2018-02-06T01:00:00Z,-4.611111111,691200,0
2018-02-06T01:15:00Z,-4.527777778,692100,0
2018-02-06T01:30:00Z,-4.388888889,693000,0
2018-02-06T01:45:00Z,-4.333333333,693900,0
2018-02-06T02:00:00Z,-4.277777778,694800,0
2018-02-06T02:15:00Z,-4.222222222,695700,0
2018-02-06T02:30:00Z,-4.166666667,696600,0
2018-02-06T02:45:00Z,-4.055555556,697500,0
2018-02-06T03:00:00Z,-4,698400,0
2018-02-06T03:15:00Z,-3.916666667,699300,0
2018-02-06T03:30:00Z,-3.87037037,700200,0
2018-02-06T03:45:00Z,-3.833333333,701100,0
2018-02-06T04:00:00Z,-3.925925926,702000,0
2018-02-06T04:15:00Z,-4.055555556,702900,0
2018-02-06T04:30:00Z,-4.333333333,703800,0
2018-02-06T04:45:00Z,-4.444444444,704700,0
2018-02-06T05:00:00Z,-4.666666667,705600,0
2018-02-06T05:15:00Z,-4.722222222,706500,0
2018-02-06T05:30:00Z,-4.666666667,707400,0
2018-02-06T05:45:00Z,-4.722222222,708300,0
2018-02-06T06:00:00Z,-4.722222222,709200,0
2018-02-06T06:15:00Z,-4.777777778,710100,0
2018-02-06T06:30:00Z,-4.694444444,711000,0
2018-02-06T06:45:00Z,-4.722222222,711900,0
2018-02-06T07:00:00Z,-4.666666667,712800,0
2018-02-06T07:15:00Z,-4.555555556,713700,0
2018-02-06T07:30:00Z,-4.583333333,714600,700
2018-02-06T07:45:00Z,-4.555555556,715500,700
2018-02-06T08:00:00Z,-4.555555556,716400,700
2018-02-06T08:15:00Z,-4.555555556,717300,700
2018-02-06T08:30:00Z,-4.555555556,718200,700
2018-02-06T08:45:00Z,-4.555555556,719100,700
2018-02-06T09:00:00Z,-4.638888889,720000,700
2018-02-06T09:15:00Z,-4.777777778,720900,700
2018-02-06T09:30:00Z,-4.805555556,721800,700
2018-02-06T09:45:00Z,-4.888888889,722700,700
2018-02-06T10:00:00Z,-5,723600,700
2018-02-06T10:15:00Z,-5.222222222,724500,700
2018-02-06T10:30:00Z,-5.5,725400,700
2018-02-06T10:45:00Z,-5.722222222,726300,700
2018-02-06T11:00:00Z,-6.027777778,727200,700
2018-02-06T11:15:00Z,-6.111111111,728100,700
2018-02-06T11:30:00Z,-6.333333333,729000,700
2018-02-06T11:45:00Z,-6.5,729900,700
2018-02-06T12:00:00Z,-6.666666667,730800,700
2018-02-06T12:15:00Z,-6.777777778,731700,700
2018-02-06T12:30:00Z,-7.055555556,732600,700
2018-02-06T12:45:00Z,-7.833333333,733500,700
2018-02-06T13:00:00Z,-8.027777778,734400,700
2018-02-06T13:15:00Z,-8.111111111,735300,700
2018-02-06T13:30:00Z,-8.111111111,736200,700
2018-02-06T13:45:00Z,-8.277777778,737100,700
2018-02-06T14:00:00Z,-8.388888889,738000,700
2018-02-06T14:15:00Z,-8.5,738900,700
2018-02-06T14:30:00Z,-8.361111111,739800,700
2018-02-06T14:45:00Z,-8.111111111,740700,700
2018-02-06T15:00:00Z,-7.75,741600,700
2018-02-06T15:15:00Z,-7.388888889,742500,700
2018-02-06T15:30:00Z,-7.472222222,743400,700
2018-02-06T15:45:00Z,-7.444444444,744300,700
2018-02-06T16:00:00Z,-6.861111111,745200,700
2018-02-06T16:15:00Z,-6.444444444,746100,700
2018-02-06T16:30:00Z,-6.333333333,747000,700
2018-02-06T16:45:00Z,-5.888888889,747900,700
2018-02-06T17:00:00Z,-5.694444444,748800,700
2018-02-06T17:15:00Z,-5.333333333,749700,700
2018-02-06T17:30:00Z,-4.916666667,750600,700
2018-02-06T17:45:00Z,-4.888888889,751500,700
2018-02-06T18:00:00Z,-4.555555556,752400,0
2018-02-06T18:15:00Z,-4.166666667,753300,0
2018-02-06T18:30:00Z,-3.777777778,754200,0
2018-02-06T18:45:00Z,-4.111111111,755100,0
2018-02-06T19:00:00Z,-3.888888889,756000,0
2018-02-06T19:15:00Z,-4.027777778,756900,0
2018-02-06T19:30:00Z,-3.777777778,757800,0
2018-02-06T19:45:00Z,-3.944444444,758700,0
2018-02-06T20:00:00Z,-3.666666667,759600,0
2018-02-06T20:15:00Z,-3.694444444,760500,0
2018-02-06T20:30:00Z,-3.611111111,761400,0
2018-02-06T20:45:00Z,-3.5,762300,0
2018-02-06T21:00:00Z,-3.583333333,763200,0
2018-02-06T21:15:00Z,-3.666666667,764100,0
2018-02-06T21:30:00Z,-3.888888889,765000,0
2018-02-06T21:45:00Z,-4.111111111,765900,0
2018-02-06T22:00:00Z,-4.166666667,766800,0
2018-02-06T22:15:00Z,-4.222222222,767700,0
2018-02-06T22:30:00Z,-4.194444444,768600,0
2018-02-06T22:45:00Z,-4.277777778,769500,0
2018-02-06T23:00:00Z,-4.361111111,770400,0
2018-02-06T23:15:00Z,-4.444444444,771300,0
2018-02-06T23:30:00Z,-4.527777778,772200,0
2018-02-06T23:45:00Z,-4.555555556,773100,0
2018-02-07T00:00:00Z,-4.611111111,774000,0
2018-02-07T00:15:00Z,-4.611111111,774900,0
2018-02-07T00:30:00Z,-4.694444444,775800,0
2018-02-07T00:45:00Z,-4.722222222,776700,0
2018-02-07T01:00:00Z,-4.805555556,777600,0
2018-02-07T01:15:00Z,-4.944444444,778500,0
2018-02-07T01:30:00Z,-5,779400,0
2018-02-07T01:45:00Z,-5.055555556,780300,0
2018-02-07T02:00:00Z,-5.083333333,781200,0
2018-02-07T02:15:00Z,-5.166666667,782100,0
2018-02-07T02:30:00Z,-5.25,783000,0
2018-02-07T02:45:00Z,-5.277777778,783900,0
2018-02-07T03:00:00Z,-5.194444444,784800,0
2018-02-07T03:15:00Z,-5.222222222,785700,0
2018-02-07T03:30:00Z,-5.527777778,786600,0
2018-02-07T03:45:00Z,-5.722222222,787500,0
2018-02-07T04:00:00Z,-5.777777778,788400,0
2018-02-07T04:15:00Z,-5.833333333,789300,0
2018-02-07T04:30:00Z,-5.833333333,790200,700
2018-02-07T04:45:00Z,-5.777777778,791100,700
2018-02-07T05:00:00Z,-5.666666667,792000,700
2018-02-07T05:15:00Z,-5.5,792900,700
2018-02-07T05:30:00Z,-5.416666667,793800,700
2018-02-07T05:45:00Z,-5.388888889,794700,700
2018-02-07T06:00:00Z,-5.305555556,795600,700
2018-02-07T06:15:00Z,-5.277777778,796500,700
2018-02-07T06:30:00Z,-5.277777778,797400,700
2018-02-07T06:45:00Z,-5.333333333,798300,700
2018-02-07T07:00:00Z,-5.472222222,799200,700
2018-02-07T07:15:00Z,-5.611111111,800100,700
2018-02-07T07:30:00Z,-5.666666667,801000,700
2018-02-07T07:45:00Z,-5.666666667,801900,700
2018-02-07T08:00:00Z,-5.833333333,802800,700
2018-02-07T08:15:00Z,-6,803700,700
2018-02-07T08:30:00Z,-6.166666667,804600,700
2018-02-07T08:45:00Z,-6.222222222,805500,700
2018-02-07T09:00:00Z,-6.277777778,806400,700
2018-02-07T09:15:00Z,-6.333333333,807300,700
2018-02-07T09:30:00Z,-6.472222222,808200,700
2018-02-07T09:45:00Z,-6.555555556,809100,700
2018-02-07T10:00:00Z,-6.444444444,810000,700
2018-02-07T10:15:00Z,-6.481481481,810900,700
2018-02-07T10:30:00Z,-6.555555556,811800,700
2018-02-07T10:45:00Z,-6.583333333,812700,700
2018-02-07T11:00:00Z,-6.555555556,813600,700
2018-02-07T11:15:00Z,-6.611111111,814500,700
2018-02-07T11:30:00Z,-6.666666667,815400,700
2018-02-07T11:45:00Z,-6.666666667,816300,700
2018-02-07T12:00:00Z,-6.666666667,817200,700
2018-02-07T12:15:00Z,-6.638888889,818100,700
2018-02-07T12:30:00Z,-6.611111111,819000,700
2018-02-07T12:45:00Z,-6.5,819900,700
2018-02-07T13:00:00Z,-6.5,820800,700
2018-02-07T13:15:00Z,-6.416666667,821700,700
2018-02-07T13:30:00Z,-6.333333333,822600,700
2018-02-07T13:45:00Z,-6.222222222,823500,700
2018-02-07T14:00:00Z,-6.111111111,824400,700
2018-02-07T14:15:00Z,-6.222222222,825300,700
2018-02-07T14:30:00Z,-6.277777778,826200,700
2018-02-07T14:45:00Z,-6.055555556,827100,700
2018-02-07T15:00:00Z,-5.722222222,828000,0
2018-02-07T15:15:00Z,-5.555555556,828900,0
2018-02-07T15:30:00Z,-5.277777778,829800,0
2018-02-07T15:45:00Z,-4.944444444,830700,0
2018-02-07T16:00:00Z,-4.333333333,831600,0
2018-02-07T16:15:00Z,-4.277777778,832500,0
2018-02-07T16:30:00Z,-3.777777778,833400,0
2018-02-07T16:45:00Z,-3.444444444,834300,0
2018-02-07T17:00:00Z,-3.277777778,835200,0
2018-02-07T17:15:00Z,-3.111111111,836100,0
2018-02-07T17:30:00Z,-2.944444444,837000,0
2018-02-07T17:45:00Z,-2.944444444,837900,0
2018-02-07T18:00:00Z,-2.388888889,838800,0
2018-02-07T18:15:00Z,-2.444444444,839700,0
2018-02-07T18:30:00Z,-3.055555556,840600,0
2018-02-07T18:45:00Z,-3.333333333,841500,0
2018-02-07T19:00:00Z,-2.666666667,842400,0
2018-02-07T19:15:00Z,-2.666666667,843300,0
2018-02-07T19:30:00Z,-3.555555556,844200,0
2018-02-07T19:45:00Z,-3.388888889,845100,0
2018-02-07T20:00:00Z,-3.777777778,846000,0
2018-02-07T20:15:00Z,-4,846900,0
2018-02-07T20:30:00Z,-3.833333333,847800,0
2018-02-07T20:45:00Z,-4.111111111,848700,0
2018-02-07T21:00:00Z,-4.111111111,849600,0
2018-02-07T21:15:00Z,-4.388888889,850500,0
2018-02-07T21:30:00Z,-4.444444444,851400,0
2018-02-07T21:45:00Z,-4.555555556,852300,0
2018-02-07T22:00:00Z,-4.777777778,853200,0
2018-02-07T22:15:00Z,-4.944444444,854100,0
2018-02-07T22:30:00Z,-4.888888889,855000,0
2018-02-07T22:45:00Z,-5.055555556,855900,0
2018-02-07T23:00:00Z,-5.333333333,856800,0
2018-02-07T23:15:00Z,-5.5,857700,0
2018-02-07T23:30:00Z,-5.777777778,858600,0
2018-02-07T23:45:00Z,-6.055555556,859500,0
2018-02-08T00:00:00Z,-6.277777778,860400,0
2018-02-08T00:15:00Z,-6.277777778,861300,0
2018-02-08T00:30:00Z,-6.333333333,862200,0
2018-02-08T00:45:00Z,-6.666666667,863100,0
2018-02-08T01:00:00Z,-6.888888889,864000,0
2018-02-08T01:15:00Z,-7.055555556,864900,0
2018-02-08T01:30:00Z,-7.444444444,865800,0
2018-02-08T01:45:00Z,-7.666666667,866700,0
2018-02-08T02:00:00Z,-7.888888889,867600,0
2018-02-08T02:15:00Z,-8.055555556,868500,0
2018-02-08T02:30:00Z,-8.166666667,869400,0
2018-02-08T02:45:00Z,-8.222222222,870300,0
2018-02-08T03:00:00Z,-8.277777778,871200,0
2018-02-08T03:15:00Z,-8.222222222,872100,0
2018-02-08T03:30:00Z,-8.166666667,873000,0
2018-02-08T03:45:00Z,-8.277777778,873900,0
2018-02-08T04:00:00Z,-8.388888889,874800,0
2018-02-08T04:15:00Z,-8.555555556,875700,0
2018-02-08T04:30:00Z,-8.777777778,876600,0
2018-02-08T04:45:00Z,-8.944444444,877500,0
2018-02-08T05:00:00Z,-8.944444444,878400,0
2018-02-08T05:15:00Z,-9,879300,0
2018-02-08T05:30:00Z,-9.111111111,880200,0
2018-02-08T05:45:00Z,-9.222222222,881100,0
2018-02-08T06:00:00Z,-9.333333333,882000,0
2018-02-08T06:15:00Z,-9.388888889,882900,0
2018-02-08T06:30:00Z,-9.555555556,883800,0
2018-02-08T06:45:00Z,-9.666666667,884700,0
2018-02-08T07:00:00Z,-9.888888889,885600,0
2018-02-08T07:15:00Z,-10,886500,0
2018-02-08T07:30:00Z,-10.16666667,887400,0
2018-02-08T07:45:00Z,-10.33333333,888300,0
2018-02-08T08:00:00Z,-10.44444444,889200,0
2018-02-08T08:15:00Z,-10.55555556,890100,0
2018-02-08T08:30:00Z,-10.61111111,891000,0
2018-02-08T08:45:00Z,-10.72222222,891900,0
2018-02-08T09:00:00Z,-10.83333333,892800,0
2018-02-08T09:15:00Z,-10.88888889,893700,0
2018-02-08T09:30:00Z,-11,894600,0
2018-02-08T09:45:00Z,-11.11111111,895500,0
2018-02-08T10:00:00Z,-11.11111111,896400,0
2018-02-08T10:15:00Z,-11.22222222,897300,0
2018-02-08T10:30:00Z,-11.22222222,898200,0
2018-02-08T10:45:00Z,-11,899100,0
2018-02-08T11:00:00Z,-10.94444444,900000,0
2018-02-08T11:15:00Z,-10.83333333,900900,0
2018-02-08T11:30:00Z,-10.77777778,901800,0
2018-02-08T11:45:00Z,-10.55555556,902700,0
2018-02-08T12:00:00Z,-10.55555556,903600,0
2018-02-08T12:15:00Z,-10.44444444,904500,0
2018-02-08T12:30:00Z,-10.22222222,905400,0
2018-02-08T12:45:00Z,-10.27777778,906300,0
2018-02-08T13:00:00Z,-10.16666667,907200,700
2018-02-08T13:15:00Z,-10.11111111,908100,700
2018-02-08T13:30:00Z,-9.944444444,909000,700
2018-02-08T13:45:00Z,-9.777777778,909900,700
2018-02-08T14:00:00Z,-9.722222222,910800,0
2018-02-08T14:15:00Z,-9.444444444,911700,0
2018-02-08T14:30:00Z,-8.777777778,912600,0
2018-02-08T14:45:00Z,-8.722222222,913500,0
2018-02-08T15:00:00Z,-8.444444444,914400,700
2018-02-08T15:15:00Z,-8.166666667,915300,700
2018-02-08T15:30:00Z,-7.944444444,916200,700
2018-02-08T15:45:00Z,-7.444444444,917100,700
2018-02-08T16:00:00Z,-7.055555556,918000,700
2018-02-08T16:15:00Z,-6.888888889,918900,700
2018-02-08T16:30:00Z,-6.055555556,919800,700
2018-02-08T16:45:00Z,-6.111111111,920700,700
2018-02-08T17:00:00Z,-5.555555556,921600,0
2018-02-08T17:15:00Z,-5.166666667,922500,0
2018-02-08T17:30:00Z,-4.722222222,923400,0
2018-02-08T17:45:00Z,-4.333333333,924300,0
2018-02-08T18:00:00Z,-4.388888889,925200,700
2018-02-08T18:15:00Z,-3.611111111,926100,700
2018-02-08T18:30:00Z,-3.444444444,927000,700
2018-02-08T18:45:00Z,-2.944444444,927900,700
2018-02-08T19:00:00Z,-2.972222222,928800,700
2018-02-08T19:15:00Z,-2.777777778,929700,700
2018-02-08T19:30:00Z,-2.722222222,930600,700
2018-02-08T19:45:00Z,-2.555555556,931500,700
2018-02-08T20:00:00Z,-2.5,932400,700
2018-02-08T20:15:00Z,-2.444444444,933300,700
2018-02-08T20:30:00Z,-2.333333333,934200,700
2018-02-08T20:45:00Z,-2.277777778,935100,700
2018-02-08T21:00:00Z,-2.055555556,936000,0
2018-02-08T21:15:00Z,-2.055555556,936900,0
2018-02-08T21:30:00Z,-1.833333333,937800,0
2018-02-08T21:45:00Z,-1.833333333,938700,0
2018-02-08T22:00:00Z,-1.777777778,939600,700
2018-02-08T22:15:00Z,-1.722222222,940500,700
2018-02-08T22:30:00Z,-1.444444444,941400,700
2018-02-08T22:45:00Z,-1.555555556,942300,700
2018-02-08T23:00:00Z,-1.444444444,943200,700
2018-02-08T23:15:00Z,-1.333333333,944100,700
2018-02-08T23:30:00Z,-1.388888889,945000,700
2018-02-08T23:45:00Z,-1.333333333,945900,700
2018-02-09T00:00:00Z,-1.5,946800,0
2018-02-09T00:15:00Z,-1.722222222,947700,0
2018-02-09T00:30:00Z,-1.833333333,948600,0
2018-02-09T00:45:00Z,-1.777777778,949500,0
2018-02-09T01:00:00Z,-1.888888889,950400,0
2018-02-09T01:15:00Z,-2,951300,0
2018-02-09T01:30:00Z,-2.055555556,952200,0
2018-02-09T01:45:00Z,-2,953100,0
2018-02-09T02:00:00Z,-1.888888889,954000,700
2018-02-09T02:15:00Z,-1.833333333,954900,700
2018-02-09T02:30:00Z,-1.722222222,955800,700
2018-02-09T02:45:00Z,-1.611111111,956700,700
2018-02-09T03:00:00Z,-1.5,957600,700
2018-02-09T03:15:00Z,-1.444444444,958500,700
2018-02-09T03:30:00Z,-1.444444444,959400,700
2018-02-09T03:45:00Z,-1.444444444,960300,700
2018-02-09T04:00:00Z,-1.5,961200,0
2018-02-09T04:15:00Z,-1.611111111,962100,0
2018-02-09T04:30:00Z,-1.666666667,963000,0
2018-02-09T04:45:00Z,-1.666666667,963900,0
2018-02-09T05:00:00Z,-1.722222222,964800,700
2018-02-09T05:15:00Z,-1.777777778,965700,700
2018-02-09T05:30:00Z,-1.833333333,966600,700
2018-02-09T05:45:00Z,-1.833333333,967500,700
2018-02-09T06:00:00Z,-1.777777778,968400,0
2018-02-09T06:15:00Z,-1.722222222,969300,0
2018-02-09T06:30:00Z,-1.666666667,970200,0
2018-02-09T06:45:00Z,-1.5,971100,0
2018-02-09T07:00:00Z,-1.333333333,972000,700
2018-02-09T07:15:00Z,-1.277777778,972900,700
2018-02-09T07:30:00Z,-1.277777778,973800,700
2018-02-09T07:45:00Z,-1.111111111,974700,700
2018-02-09T08:00:00Z,-1.055555556,975600,0
2018-02-09T08:15:00Z,-0.944444444,976500,0
2018-02-09T08:30:00Z,-1,977400,0
2018-02-09T08:45:00Z,-1.055555556,978300,0
2018-02-09T09:00:00Z,-1.111111111,979200,700
2018-02-09T09:15:00Z,-1.166666667,980100,700
2018-02-09T09:30:00Z,-1.166666667,981000,700
2018-02-09T09:45:00Z,-1.277777778,981900,700
2018-02-09T10:00:00Z,-1.166666667,982800,700
2018-02-09T10:15:00Z,-1,983700,700
2018-02-09T10:30:00Z,-0.833333333,984600,700
2018-02-09T10:45:00Z,-0.722222222,985500,700
2018-02-09T11:00:00Z,-0.5,986400,700
2018-02-09T11:15:00Z,-0.444444444,987300,700
2018-02-09T11:30:00Z,-0.333333333,988200,700
2018-02-09T11:45:00Z,-0.277777778,989100,700
2018-02-09T12:00:00Z,-0.166666667,990000,700
2018-02-09T12:15:00Z,-0.055555556,990900,700
2018-02-09T12:30:00Z,0.166666667,991800,700
2018-02-09T12:45:00Z,0.388888889,992700,700
2018-02-09T13:00:00Z,0.555555556,993600,700
2018-02-09T13:15:00Z,0.666666667,994500,700
2018-02-09T13:30:00Z,0.777777778,995400,700
2018-02-09T13:45:00Z,1,996300,700
2018-02-09T14:00:00Z,1.277777778,997200,700
2018-02-09T14:15:00Z,1.611111111,998100,700
2018-02-09T14:30:00Z,1.888888889,999000,700
2018-02-09T14:45:00Z,2.222222222,999900,700
2018-02-09T15:00:00Z,2.611111111,1000800,0
2018-02-09T15:15:00Z,3.166666667,1001700,0
2018-02-09T15:30:00Z,3.722222222,1002600,0
2018-02-09T15:45:00Z,4.444444444,1003500,0
2018-02-09T16:00:00Z,5.055555556,1004400,0
2018-02-09T16:15:00Z,5.555555556,1005300,0
2018-02-09T16:30:00Z,5.777777778,1006200,0
2018-02-09T16:45:00Z,6.277777778,1007100,0
2018-02-09T17:00:00Z,6.777777778,1008000,0
2018-02-09T17:15:00Z,7.5,1008900,0
2018-02-09T17:30:00Z,7.944444444,1009800,0
2018-02-09T17:45:00Z,8.388888889,1010700,0
2018-02-09T18:00:00Z,9,1011600,0
2018-02-09T18:15:00Z,9.777777778,1012500,0
2018-02-09T18:30:00Z,10.16666667,1013400,0
2018-02-09T18:45:00Z,10.27777778,1014300,0
2018-02-09T19:00:00Z,10.22222222,1015200,0
2018-02-09T19:15:00Z,10.11111111,1016100,0
2018-02-09T19:30:00Z,10.11111111,1017000,0
2018-02-09T19:45:00Z,10.27777778,1017900,0
2018-02-09T20:00:00Z,10.33333333,1018800,700
2018-02-09T20:15:00Z,10.55555556,1019700,700
2018-02-09T20:30:00Z,10.55555556,1020600,700
2018-02-09T20:45:00Z,10.55555556,1021500,700
2018-02-09T21:00:00Z,10.33333333,1022400,0
2018-02-09T21:15:00Z,10.16666667,1023300,0
2018-02-09T21:30:00Z,10.11111111,1024200,0
2018-02-09T21:45:00Z,10,1025100,0
2018-02-09T22:00:00Z,9.944444444,1026000,0
2018-02-09T22:15:00Z,9.833333333,1026900,0
2018-02-09T22:30:00Z,9.666666667,1027800,0
2018-02-09T22:45:00Z,9.444444444,1028700,0
2018-02-09T23:00:00Z,9.277777778,1029600,0
2018-02-09T23:15:00Z,9.055555556,1030500,0
2018-02-09T23:30:00Z,8.722222222,1031400,0
2018-02-09T23:45:00Z,8.444444444,1032300,0
2018-02-10T00:00:00Z,8.277777778,1033200,0
2018-02-10T00:15:00Z,8.111111111,1034100,0
2018-02-10T00:30:00Z,7.833333333,1035000,0
2018-02-10T00:45:00Z,6.777777778,1035900,0
